num_individuo,generacion,fitness
0,1,5.065223273875968
1,1,5.037011527791486
2,1,5.025275558766041
3,1,5.021920801002991
4,1,5.019716184311137
5,1,5.017396638701482
6,1,5.016437282229965
7,1,5.014057746239484
8,1,5.010772751063534
9,1,5.009723591399678
10,1,5.008873757117363
11,1,5.007641497408006
12,1,5.004321310818074
13,1,5.004242160278746
14,1,5.004057344725671
15,1,5.003987209994052
16,1,5.003859734851704
17,1,5.003802981405468
18,1,5.003760489691352
19,1,5.003647276281126
20,1,5.003583391968829
21,1,5.003094883997621
22,1,5.003094883997621
23,1,5.003094883997621
24,1,5.003094883997621
25,1,5.0030523922835055
26,1,5.003045261417445
27,1,5.002967408855274
28,1,5.002924917141158
29,1,5.00271245857058
30,1,5.00271245857058
31,1,5.00271245857058
32,1,5.00271245857058
33,1,5.00271245857058
34,1,5.00271245857058
35,1,5.00271245857058
36,1,5.00271245857058
37,1,5.00271245857058
38,1,5.00271245857058
39,1,5.00271245857058
40,1,5.00271245857058
41,1,5.00271245857058
42,1,5.00271245857058
43,1,5.00271245857058
44,1,5.00271245857058
45,1,5.00271245857058
46,1,5.00271245857058
47,1,5.00271245857058
48,1,5.002669966856463
49,1,5.002669966856463
50,1,5.002669966856463
51,1,5.002584983428232
52,1,5.002584983428232
53,1,5.002584983428232
54,1,5.002584983428232
55,1,5.002584983428232
56,1,5.002584983428232
57,1,5.002584983428232
58,1,5.002584983428232
59,1,5.002584983428232
60,1,5.002584983428232
61,1,5.002584983428232
62,1,5.002584983428232
63,1,5.002584983428232
64,1,5.001069960982605
65,1,5.000736277689001
66,1,5.0005091398558825
67,1,5.000297098815723
68,1,4.99982968996045
69,1,4.999191603236048
70,1,4.99875242436277
71,1,4.996954932663117
72,1,4.995635387053461
73,1,4.994026952336386
74,1,4.9929717449636515
75,1,4.992302910965214
76,1,4.99179864448136
77,1,4.991327238385856
78,1,4.987098649158112
79,1,4.981374698558742
80,1,4.9651951942396595
81,1,4.958608739085256
82,1,4.953414059310944
83,1,4.9520771834226505
84,1,4.951890195641918
85,1,4.929332762380931
86,1,4.927709940232536
87,1,4.927169145345476
88,1,4.918074099905529
89,1,4.91770042350933
90,1,4.91369949584807
91,1,4.906980955456947
92,1,4.88912103350354
93,1,4.854817427561833
94,1,4.825214162770811
95,1,4.819069585325329
96,1,4.783966692270961
97,1,4.703744631533206
98,1,4.702298846112693
99,1,4.6582164565798845
0,2,5.029524730177616
1,2,5.014263784956667
2,2,5.006366452502287
3,2,5.005346944845756
4,2,5.005127061926871
5,2,5.004695013919653
6,2,5.003878014563468
7,2,5.003731379262619
8,2,5.00360478456701
9,2,5.003179867425852
10,2,5.003137375711737
11,2,5.003137375711737
12,2,5.003094883997621
13,2,5.0028623308060185
14,2,5.0028623308060185
15,2,5.002839933712926
16,2,5.002839933712926
17,2,5.002839933712926
18,2,5.002839933712926
19,2,5.002839933712926
20,2,5.002839933712926
21,2,5.002839933712926
22,2,5.002839933712926
23,2,5.002839933712926
24,2,5.002839933712926
25,2,5.002839933712926
26,2,5.002839933712926
27,2,5.002839933712926
28,2,5.002839933712926
29,2,5.002839933712926
30,2,5.002803985900379
31,2,5.002797441998811
32,2,5.002797441998811
33,2,5.002797441998811
34,2,5.002797441998811
35,2,5.002797441998811
36,2,5.002797441998811
37,2,5.002797441998811
38,2,5.002797441998811
39,2,5.002797441998811
40,2,5.002797441998811
41,2,5.002797441998811
42,2,5.002797441998811
43,2,5.002797441998811
44,2,5.002797441998811
45,2,5.002740688552574
46,2,5.00271245857058
47,2,5.00271245857058
48,2,5.00271245857058
49,2,5.00271245857058
50,2,5.00271245857058
51,2,5.00271245857058
52,2,5.00271245857058
53,2,5.00271245857058
54,2,5.00271245857058
55,2,5.00271245857058
56,2,5.00271245857058
57,2,5.00271245857058
58,2,5.00271245857058
59,2,5.00271245857058
60,2,5.00271245857058
61,2,5.00271245857058
62,2,5.00271245857058
63,2,5.00271245857058
64,2,5.00271245857058
65,2,5.00271245857058
66,2,5.00271245857058
67,2,5.00271245857058
68,2,5.002620344276288
69,2,5.002584983428232
70,2,5.002584983428232
71,2,5.002584983428232
72,2,5.002584983428232
73,2,5.002485444785634
74,2,5.002400754839648
75,2,5.002400754839648
76,2,5.002047270407267
77,2,5.001862330806018
78,2,5.001862330806018
79,2,5.001784184761601
80,2,5.0016518812252615
81,2,5.001373235870318
82,2,5.001168325696219
83,2,5.001117698621131
84,2,5.001033302157392
85,2,5.000997941309337
86,2,5.000766392612645
87,2,5.0006791067123455
88,2,5.0001277189237525
89,2,5.000042148531029
90,2,4.999970715822252
91,2,4.999885438911775
92,2,4.999785900269177
93,2,4.999631786604238
94,2,4.999412197167599
95,2,4.999412197167599
96,2,4.999412197167599
97,2,4.998796631584461
98,2,4.998412197167599
99,2,4.998412197167599
100,2,4.998412197167599
101,2,4.998192607730959
102,2,4.998100786918914
103,2,4.997796925066709
104,2,4.997740465102718
105,2,4.997590005902786
106,2,4.997543983771835
107,2,4.996840421275734
108,2,4.996132030385641
109,2,4.995770704074534
110,2,4.995678589780242
111,2,4.995479094964627
112,2,4.995239410906964
113,2,4.992979925710523
114,2,4.991599802755549
115,2,4.990190151841423
116,2,4.979762902858903
117,2,4.969760649679812
118,2,4.870036265322712
119,2,4.854392013997712
0,3,5.008966706472492
1,3,5.00560189513045
2,3,5.005552272550274
3,3,5.005318127899268
4,3,5.005261961417524
5,3,5.004922027704598
6,3,5.004582093991672
7,3,5.004497110563441
8,3,5.004284651992862
9,3,5.004284651992862
10,3,5.004263970407346
11,3,5.004242160278746
12,3,5.004242160278746
13,3,5.004242160278746
14,3,5.004157176850515
15,3,5.004072193422283
16,3,5.004072193422283
17,3,5.004029701708167
18,3,5.003987209994052
19,3,5.003944718279936
20,3,5.003944718279936
21,3,5.00390222656582
22,3,5.003859734851704
23,3,5.003732259709357
24,3,5.003732259709357
25,3,5.003647276281126
26,3,5.0035622928528944
27,3,5.0035622928528944
28,3,5.003519801138778
29,3,5.003477309424663
30,3,5.003477309424663
31,3,5.003434817710547
32,3,5.003434817710547
33,3,5.0033923259964315
34,3,5.003349834282315
35,3,5.003349834282315
36,3,5.0033073425682
37,3,5.0033073425682
38,3,5.003264850854084
39,3,5.0032223591399685
40,3,5.0032223591399685
41,3,5.0032223591399685
42,3,5.0032223591399685
43,3,5.003179867425852
44,3,5.003179867425852
45,3,5.003179867425852
46,3,5.003137375711737
47,3,5.0030523922835055
48,3,5.0030523922835055
49,3,5.002967408855274
50,3,5.002967408855274
51,3,5.002924917141158
52,3,5.002924917141158
53,3,5.002924917141158
54,3,5.0028824254270425
55,3,5.0028824254270425
56,3,5.0028824254270425
57,3,5.0028824254270425
58,3,5.002839933712926
59,3,5.002839933712926
60,3,5.002839933712926
61,3,5.002839933712926
62,3,5.002839933712926
63,3,5.002839933712926
64,3,5.002839933712926
65,3,5.002839933712926
66,3,5.002839933712926
67,3,5.002839933712926
68,3,5.002839933712926
69,3,5.002839933712926
70,3,5.002839933712926
71,3,5.002839933712926
72,3,5.002839933712926
73,3,5.002839933712926
74,3,5.002839933712926
75,3,5.002839933712926
76,3,5.002839933712926
77,3,5.002797441998811
78,3,5.002797441998811
79,3,5.002797441998811
80,3,5.002797441998811
81,3,5.002797441998811
82,3,5.002797441998811
83,3,5.002797441998811
84,3,5.002797441998811
85,3,5.002797441998811
86,3,5.002797441998811
87,3,5.002797441998811
88,3,5.002797441998811
89,3,5.002797441998811
90,3,5.002797441998811
91,3,5.002797441998811
92,3,5.002797441998811
93,3,5.002797441998811
94,3,5.002797441998811
95,3,5.002797441998811
96,3,5.002797441998811
97,3,5.002797441998811
98,3,5.002797441998811
99,3,5.002797441998811
100,3,5.002797441998811
101,3,5.002797441998811
102,3,5.002797441998811
103,3,5.002797441998811
104,3,5.002797441998811
105,3,5.002754950284695
106,3,5.002754950284695
107,3,5.00271245857058
108,3,5.00271245857058
109,3,5.00271245857058
110,3,5.00271245857058
111,3,5.00271245857058
112,3,5.00271245857058
113,3,5.00271245857058
114,3,5.00271245857058
115,3,5.00271245857058
116,3,5.00271245857058
117,3,5.00271245857058
118,3,5.00271245857058
119,3,5.00271245857058
120,3,5.00271245857058
121,3,5.00271245857058
122,3,5.00271245857058
123,3,5.00271245857058
124,3,5.00271245857058
125,3,5.00271245857058
126,3,5.002705034222273
127,3,5.002655705124343
128,3,5.002584983428232
129,3,5.002584983428232
130,3,5.002584983428232
131,3,5.002265855348995
132,3,5.001090473134048
133,3,5.000466648141767
134,3,4.999583966823792
135,3,4.998843104522203
136,3,4.998321368740934
137,3,4.998216302801208
138,3,4.995631811250726
139,3,4.993878626174449
140,3,4.978620215932739
141,3,4.885333661508191
142,3,4.8399713619196545
143,3,4.697251464602078
0,4,5.027918010968115
1,4,5.021572438446848
2,4,5.014256654090607
3,4,5.012386307656849
4,4,5.011342473592565
5,4,5.010573425681993
6,4,5.007471530551543
7,4,5.0072165802668485
8,4,5.0070466134103855
9,4,5.00676313966145
10,4,5.006720647947334
11,4,5.006642795385162
12,4,5.006564942822991
13,4,5.006465697662639
14,4,5.006366745984534
15,4,5.006154287413954
16,4,5.006026812271608
17,4,5.005984320557491
18,4,5.005941828843376
19,4,5.004540900254714
20,4,5.004518920692041
21,4,5.004270390260741
22,4,5.004114685136399
23,4,5.003987209994052
24,4,5.003859734851704
25,4,5.003817243137589
26,4,5.003817243137589
27,4,5.003774751423473
28,4,5.003774751423473
29,4,5.003774751423473
30,4,5.003774751423473
31,4,5.003774751423473
32,4,5.003774751423473
33,4,5.003774751423473
34,4,5.003774751423473
35,4,5.003774751423473
36,4,5.003774751423473
37,4,5.003732259709357
38,4,5.003732259709357
39,4,5.003689767995241
40,4,5.003689767995241
41,4,5.003689767995241
42,4,5.003298450808663
43,4,5.003179867425852
44,4,5.003179867425852
45,4,5.003179867425852
46,4,5.003179867425852
47,4,5.003179867425852
48,4,5.003179867425852
49,4,5.003137375711737
50,4,5.003137375711737
51,4,5.003137375711737
52,4,5.003094883997621
53,4,5.003094883997621
54,4,5.003094883997621
55,4,5.003094883997621
56,4,5.003094883997621
57,4,5.003094883997621
58,4,5.0028824254270425
59,4,5.0028824254270425
60,4,5.0028824254270425
61,4,5.0028824254270425
62,4,5.0028824254270425
63,4,5.0028824254270425
64,4,5.0028824254270425
65,4,5.0028824254270425
66,4,5.0028824254270425
67,4,5.0028824254270425
68,4,5.0028824254270425
69,4,5.0028824254270425
70,4,5.0028824254270425
71,4,5.0028824254270425
72,4,5.0028824254270425
73,4,5.0028824254270425
74,4,5.0028824254270425
75,4,5.0028824254270425
76,4,5.0028824254270425
77,4,5.0028824254270425
78,4,5.0028824254270425
79,4,5.0028824254270425
80,4,5.0028824254270425
81,4,5.002754950284695
82,4,5.002754950284695
83,4,5.002754950284695
84,4,5.002754950284695
85,4,5.002754950284695
86,4,5.002754950284695
87,4,5.002754950284695
88,4,5.002754950284695
89,4,5.002754950284695
90,4,5.002754950284695
91,4,5.002754950284695
92,4,5.002754950284695
93,4,5.002754950284695
94,4,5.002754950284695
95,4,5.002754950284695
96,4,5.002754950284695
97,4,5.002754950284695
98,4,5.002754950284695
99,4,5.002754950284695
100,4,5.002754950284695
101,4,5.002754950284695
102,4,5.002754950284695
103,4,5.002754950284695
104,4,5.002669966856463
105,4,5.002669966856463
106,4,5.002669966856463
107,4,5.002669966856463
108,4,5.002669966856463
109,4,5.002669966856463
110,4,5.002627475142348
111,4,5.002627475142348
112,4,5.002627475142348
113,4,5.002627475142348
114,4,5.002627475142348
115,4,5.002627475142348
116,4,5.002627475142348
117,4,5.002627475142348
118,4,5.002627475142348
119,4,5.002627475142348
120,4,5.002627475142348
121,4,5.002627475142348
122,4,5.002627475142348
123,4,5.002627475142348
124,4,5.002627475142348
125,4,5.002627475142348
126,4,5.002627475142348
127,4,5.002627475142348
128,4,5.002627475142348
129,4,5.002627475142348
130,4,5.002627475142348
131,4,5.002627475142348
132,4,5.002627475142348
133,4,5.002627475142348
134,4,5.002627475142348
135,4,5.002627475142348
136,4,5.002627475142348
137,4,5.002627475142348
138,4,5.002627475142348
139,4,5.002627475142348
140,4,5.002627475142348
141,4,5.002627475142348
142,4,5.002627475142348
143,4,5.002627475142348
144,4,5.002627475142348
145,4,5.002627475142348
146,4,5.002627475142348
147,4,5.002584983428232
148,4,5.002584983428232
149,4,5.002584983428232
150,4,5.002023405902945
151,4,5.001862330806018
152,4,5.0011679081658
153,4,4.9976446509575165
154,4,4.997045748980253
155,4,4.99541663267766
156,4,4.9939550567112905
157,4,4.993705385627378
158,4,4.993390705167733
159,4,4.993277491757506
160,4,4.985617859017457
161,4,4.984405400446877
162,4,4.984194239853456
163,4,4.981807920494943
164,4,4.981257988008051
165,4,4.9811858110102385
166,4,4.980607491216806
167,4,4.979776160096113
168,4,4.96078071493154
169,4,4.865080413378382
170,4,4.800965882264476
171,4,4.662829679027859
0,5,5.089154697380057
1,5,5.059815771411416
2,5,5.0498831229094225
3,5,5.032070261443708
4,5,5.030717293943428
5,5,5.028588590856313
6,5,5.028424456888754
7,5,5.018207503056634
8,5,5.01269801138778
9,5,5.0112880669914075
10,5,5.005091701078815
11,5,5.004200966541788
12,5,5.003859734851704
13,5,5.003859734851704
14,5,5.003859734851704
15,5,5.003859734851704
16,5,5.003817243137589
17,5,5.003774751423473
18,5,5.003689767995241
19,5,5.003149876550381
20,5,5.003094883997621
21,5,5.003094883997621
22,5,5.003094883997621
23,5,5.003094883997621
24,5,5.003094883997621
25,5,5.003094883997621
26,5,5.002967408855274
27,5,5.0028824254270425
28,5,5.0028824254270425
29,5,5.0028824254270425
30,5,5.0028824254270425
31,5,5.0028824254270425
32,5,5.002839933712926
33,5,5.002839933712926
34,5,5.002839933712926
35,5,5.002839933712926
36,5,5.002839933712926
37,5,5.002839933712926
38,5,5.002839933712926
39,5,5.002839933712926
40,5,5.002839933712926
41,5,5.002839933712926
42,5,5.002839933712926
43,5,5.002839933712926
44,5,5.002839933712926
45,5,5.002839933712926
46,5,5.002797441998811
47,5,5.0027617876685095
48,5,5.002754950284695
49,5,5.002754950284695
50,5,5.002754950284695
51,5,5.002754950284695
52,5,5.002754950284695
53,5,5.002754950284695
54,5,5.002754950284695
55,5,5.002754950284695
56,5,5.002754950284695
57,5,5.002754950284695
58,5,5.002754950284695
59,5,5.002754950284695
60,5,5.002754950284695
61,5,5.002754950284695
62,5,5.002754950284695
63,5,5.002754950284695
64,5,5.002754950284695
65,5,5.002754950284695
66,5,5.002754950284695
67,5,5.002754950284695
68,5,5.002754950284695
69,5,5.002754950284695
70,5,5.00271245857058
71,5,5.00271245857058
72,5,5.00271245857058
73,5,5.00271245857058
74,5,5.002669966856463
75,5,5.002669966856463
76,5,5.002669966856463
77,5,5.002669966856463
78,5,5.002669966856463
79,5,5.002669966856463
80,5,5.002669966856463
81,5,5.002669966856463
82,5,5.002669966856463
83,5,5.002669966856463
84,5,5.002669966856463
85,5,5.002669966856463
86,5,5.002669966856463
87,5,5.002669966856463
88,5,5.002669966856463
89,5,5.002669966856463
90,5,5.002669966856463
91,5,5.002669966856463
92,5,5.002669966856463
93,5,5.002669966856463
94,5,5.002669966856463
95,5,5.002669966856463
96,5,5.002669966856463
97,5,5.002669966856463
98,5,5.002584983428232
99,5,5.002584983428232
100,5,5.002584983428232
101,5,5.002584983428232
102,5,5.002584983428232
103,5,5.002584983428232
104,5,5.002584983428232
105,5,5.002584983428232
106,5,5.002584983428232
107,5,5.002584983428232
108,5,5.002584983428232
109,5,5.002584983428232
110,5,5.002584983428232
111,5,5.002584983428232
112,5,5.002584983428232
113,5,5.002584983428232
114,5,5.002584983428232
115,5,5.002584983428232
116,5,5.002584983428232
117,5,5.002584983428232
118,5,5.002584983428232
119,5,5.002584983428232
120,5,5.002584983428232
121,5,5.002584983428232
122,5,5.002584983428232
123,5,5.002584983428232
124,5,5.002584983428232
125,5,5.002584983428232
126,5,5.002584983428232
127,5,5.002584983428232
128,5,5.002584983428232
129,5,5.002584983428232
130,5,5.002584983428232
131,5,5.002584983428232
132,5,5.002584983428232
133,5,5.002584983428232
134,5,5.002584983428232
135,5,5.002584983428232
136,5,5.002584983428232
137,5,5.002584983428232
138,5,5.002584983428232
139,5,5.002584983428232
140,5,5.002584983428232
141,5,5.002584983428232
142,5,5.002584983428232
143,5,5.002584983428232
144,5,5.002584983428232
145,5,5.002584983428232
146,5,5.002584983428232
147,5,5.002584983428232
148,5,5.002584983428232
149,5,5.002584983428232
150,5,5.002584983428232
151,5,5.002584983428232
152,5,5.002584983428232
153,5,5.002584983428232
154,5,5.002584983428232
155,5,5.002584983428232
156,5,5.002584983428232
157,5,5.002584983428232
158,5,5.002584983428232
159,5,5.002584983428232
160,5,5.002584983428232
161,5,5.002584983428232
162,5,5.002584983428232
163,5,5.002584983428232
164,5,5.002584983428232
165,5,5.0024432465537645
166,5,5.0024432465537645
167,5,5.0024432465537645
168,5,5.0024432465537645
169,5,5.0021679081658
170,5,5.002103019358592
171,5,5.002004067680486
172,5,5.002004067680486
173,5,5.002004067680486
174,5,5.002004067680486
175,5,5.002004067680486
176,5,5.002004067680486
177,5,5.002004067680486
178,5,5.001826676475717
179,5,5.001785482738758
180,5,5.001444251048675
181,5,5.001444251048675
182,5,5.001434185360154
183,5,5.001219494349896
184,5,5.000473903056
185,5,5.000091353580785
186,5,4.993866542866224
187,5,4.989283688161045
188,5,4.982988618666691
189,5,4.9824041024697205
190,5,4.981051932031102
191,5,4.977722126652363
192,5,4.976923158911598
193,5,4.973626721407698
194,5,4.972946853981846
195,5,4.9724272265920835
196,5,4.972320850565671
197,5,4.969440260379435
198,5,4.968343541141008
199,5,4.967794455824482
200,5,4.967624488968019
201,5,4.963978684413066
202,5,4.897210365346838
203,5,4.895780149311486
204,5,4.781858485318683
205,5,4.771979857493209
0,6,5.033645252517859
1,6,5.027102702473018
2,6,5.016012365088808
3,6,5.015523563635354
4,6,5.009553624543215
5,6,5.008016791968987
6,6,5.006869515687862
7,6,5.006827023973746
8,6,5.006196779128071
9,6,5.006111750313938
10,6,5.006090403101658
11,6,5.00560189513045
12,6,5.005219469703408
13,6,5.005176977989293
14,6,5.0051344862751765
15,6,5.005091994561061
16,6,5.005049502846945
17,6,5.00500701113283
18,6,5.00500701113283
19,6,5.004964519418714
20,6,5.004964519418714
21,6,5.004964519418714
22,6,5.004964519418714
23,6,5.004914309874046
24,6,5.004879535990482
25,6,5.004837044276367
26,6,5.004815358195939
27,6,5.004794552562251
28,6,5.004744929982075
29,6,5.004709569134019
30,6,5.004624585705788
31,6,5.004624585705788
32,6,5.004610323973667
33,6,5.004582093991672
34,6,5.004582093991672
35,6,5.004539602277556
36,6,5.004539602277556
37,6,5.004497110563441
38,6,5.004483559843985
39,6,5.004482261866828
40,6,5.004454618849325
41,6,5.004412127135209
42,6,5.004369635421093
43,6,5.0042561285286205
44,6,5.004242160278746
45,6,5.004207803925602
46,6,5.00419966856463
47,6,5.004072193422283
48,6,5.003981794635567
49,6,5.00390222656582
50,6,5.00390222656582
51,6,5.00390222656582
52,6,5.00390222656582
53,6,5.003859734851704
54,6,5.003859441369459
55,6,5.003817243137589
56,6,5.003817243137589
57,6,5.003817243137589
58,6,5.003816949655342
59,6,5.003774751423473
60,6,5.003732259709357
61,6,5.003732259709357
62,6,5.003732259709357
63,6,5.003732259709357
64,6,5.003732259709357
65,6,5.003710280146684
66,6,5.003689767995241
67,6,5.003689767995241
68,6,5.003689767995241
69,6,5.003689474512996
70,6,5.003647276281126
71,6,5.003647276281126
72,6,5.003647276281126
73,6,5.00360478456701
74,6,5.003596773254212
75,6,5.003596773254212
76,6,5.0035622928528944
77,6,5.0035622928528944
78,6,5.0035622928528944
79,6,5.003519801138778
80,6,5.003419969013934
81,6,5.003377770782064
82,6,5.003377770782064
83,6,5.003179867425852
84,6,5.003179867425852
85,6,5.003179867425852
86,6,5.003158181345426
87,6,5.003137375711737
88,6,5.003137375711737
89,6,5.003137375711737
90,6,5.003137375711737
91,6,5.003137375711737
92,6,5.003137375711737
93,6,5.003137375711737
94,6,5.003094883997621
95,6,5.003094883997621
96,6,5.003094883997621
97,6,5.003094883997621
98,6,5.003094883997621
99,6,5.003094883997621
100,6,5.003094883997621
101,6,5.003094883997621
102,6,5.003094883997621
103,6,5.0030523922835055
104,6,5.0028824254270425
105,6,5.0028824254270425
106,6,5.002839933712926
107,6,5.002839933712926
108,6,5.002839933712926
109,6,5.002839933712926
110,6,5.002839933712926
111,6,5.002839933712926
112,6,5.002839933712926
113,6,5.002839933712926
114,6,5.002839933712926
115,6,5.002839933712926
116,6,5.002839933712926
117,6,5.002839933712926
118,6,5.002839933712926
119,6,5.002839933712926
120,6,5.002839933712926
121,6,5.002839933712926
122,6,5.002839933712926
123,6,5.002839933712926
124,6,5.002839933712926
125,6,5.002839933712926
126,6,5.002839933712926
127,6,5.002839933712926
128,6,5.002839933712926
129,6,5.002839933712926
130,6,5.002839933712926
131,6,5.002839933712926
132,6,5.002839933712926
133,6,5.002839933712926
134,6,5.002839933712926
135,6,5.002839933712926
136,6,5.002839933712926
137,6,5.002839933712926
138,6,5.002839933712926
139,6,5.002839933712926
140,6,5.002839933712926
141,6,5.002839933712926
142,6,5.002839933712926
143,6,5.002839933712926
144,6,5.002839933712926
145,6,5.002839933712926
146,6,5.002839933712926
147,6,5.002839933712926
148,6,5.002839933712926
149,6,5.002839933712926
150,6,5.002839933712926
151,6,5.002839933712926
152,6,5.002839933712926
153,6,5.002839933712926
154,6,5.002797441998811
155,6,5.002797441998811
156,6,5.002797441998811
157,6,5.002797441998811
158,6,5.002797441998811
159,6,5.002797441998811
160,6,5.002797441998811
161,6,5.002797441998811
162,6,5.002797441998811
163,6,5.002797441998811
164,6,5.002797441998811
165,6,5.002797441998811
166,6,5.002797441998811
167,6,5.002797441998811
168,6,5.002797441998811
169,6,5.002797441998811
170,6,5.002797441998811
171,6,5.002797441998811
172,6,5.002797441998811
173,6,5.002797441998811
174,6,5.002797441998811
175,6,5.002797441998811
176,6,5.002797441998811
177,6,5.002797441998811
178,6,5.002797441998811
179,6,5.002797441998811
180,6,5.002797441998811
181,6,5.002797441998811
182,6,5.002797441998811
183,6,5.002797441998811
184,6,5.002797441998811
185,6,5.00271245857058
186,6,5.00271245857058
187,6,5.00271245857058
188,6,5.00271245857058
189,6,5.00271245857058
190,6,5.00271245857058
191,6,5.00271245857058
192,6,5.00271245857058
193,6,5.00271245857058
194,6,5.00271245857058
195,6,5.00271245857058
196,6,5.00271245857058
197,6,5.00271245857058
198,6,5.00271245857058
199,6,5.00271245857058
200,6,5.00271245857058
201,6,5.00271245857058
202,6,5.00271245857058
203,6,5.00271245857058
204,6,5.00271245857058
205,6,5.00271245857058
206,6,5.00271245857058
207,6,5.00271245857058
208,6,5.00271245857058
209,6,5.00271245857058
210,6,5.00271245857058
211,6,5.00271245857058
212,6,5.00271245857058
213,6,5.00271245857058
214,6,5.00271245857058
215,6,5.00271245857058
216,6,5.00271245857058
217,6,5.00271245857058
218,6,5.00271245857058
219,6,5.002705034222273
220,6,5.002683641624092
221,6,5.002669966856463
222,6,5.002669966856463
223,6,5.002655705124343
224,6,5.002584983428232
225,6,5.002584983428232
226,6,5.002584983428232
227,6,5.002584983428232
228,6,5.002046265912356
229,6,5.001693785974885
230,6,5.001149111521933
231,6,5.001138797737067
232,6,5.000523819118422
233,6,4.999326209244456
234,6,4.999150827029507
235,6,4.9964307703616075
236,6,4.99499159148833
237,6,4.994394359632742
238,6,4.993892346327978
239,6,4.991112804101825
240,6,4.9567280248508485
241,6,4.872266386843838
242,6,4.867707498905741
243,6,4.856298547940751
244,6,4.819216968822291
245,6,4.805818535950964
246,6,4.741245356306425
0,7,5.060815771411416
1,7,5.059815771411416
2,7,5.059815771411416
3,7,5.059815771411416
4,7,5.059815771411416
5,7,5.031850672007068
6,7,5.016479773944082
7,7,5.015506784611192
8,7,5.0123996889422315
9,7,5.008525225127146
10,7,5.007925219253286
11,7,5.00759900569389
12,7,5.006961629982154
13,7,5.006111795699839
14,7,5.005431928273987
15,7,5.004752060848135
16,7,5.004363802532191
17,7,5.004170264653651
18,7,5.004072193422283
19,7,5.004072193422283
20,7,5.003859734851704
21,7,5.003859734851704
22,7,5.003859734851704
23,7,5.003859734851704
24,7,5.003859734851704
25,7,5.003859734851704
26,7,5.003859734851704
27,7,5.003859734851704
28,7,5.003859734851704
29,7,5.003859734851704
30,7,5.003859734851704
31,7,5.003859734851704
32,7,5.003859734851704
33,7,5.003859734851704
34,7,5.003859734851704
35,7,5.003859734851704
36,7,5.003859734851704
37,7,5.003774751423473
38,7,5.003640145415066
39,7,5.003597653700949
40,7,5.003477309424663
41,7,5.003434817710547
42,7,5.003420555978426
43,7,5.003223657117125
44,7,5.003200966541788
45,7,5.003200966541788
46,7,5.003200966541788
47,7,5.003094883997621
48,7,5.002981377105148
49,7,5.0028824254270425
50,7,5.0028824254270425
51,7,5.0028824254270425
52,7,5.0028824254270425
53,7,5.002839933712926
54,7,5.002839933712926
55,7,5.002839933712926
56,7,5.002839933712926
57,7,5.002839933712926
58,7,5.002839933712926
59,7,5.002839933712926
60,7,5.002839933712926
61,7,5.002839933712926
62,7,5.002839933712926
63,7,5.002839933712926
64,7,5.002839933712926
65,7,5.002839933712926
66,7,5.002839933712926
67,7,5.002839933712926
68,7,5.002839933712926
69,7,5.002839933712926
70,7,5.002839933712926
71,7,5.002839933712926
72,7,5.002839933712926
73,7,5.002839933712926
74,7,5.0027617876685095
75,7,5.002754950284695
76,7,5.002754950284695
77,7,5.002754950284695
78,7,5.002754950284695
79,7,5.002754950284695
80,7,5.002754950284695
81,7,5.002754950284695
82,7,5.002754950284695
83,7,5.002754950284695
84,7,5.002754950284695
85,7,5.002754950284695
86,7,5.002754950284695
87,7,5.002754950284695
88,7,5.002754950284695
89,7,5.002754950284695
90,7,5.002754950284695
91,7,5.002754950284695
92,7,5.002754950284695
93,7,5.002754950284695
94,7,5.002754950284695
95,7,5.002754950284695
96,7,5.002754950284695
97,7,5.002754950284695
98,7,5.002754950284695
99,7,5.002754950284695
100,7,5.002754950284695
101,7,5.002754950284695
102,7,5.002754950284695
103,7,5.002745889091085
104,7,5.00271245857058
105,7,5.00271245857058
106,7,5.00271245857058
107,7,5.00271245857058
108,7,5.00271245857058
109,7,5.00271245857058
110,7,5.002669966856463
111,7,5.002669966856463
112,7,5.002669966856463
113,7,5.002669966856463
114,7,5.002669966856463
115,7,5.002669966856463
116,7,5.002669966856463
117,7,5.002669966856463
118,7,5.002669966856463
119,7,5.002669966856463
120,7,5.002669966856463
121,7,5.002669966856463
122,7,5.002669966856463
123,7,5.002669966856463
124,7,5.002669966856463
125,7,5.002669966856463
126,7,5.002669966856463
127,7,5.002669966856463
128,7,5.002669966856463
129,7,5.002669966856463
130,7,5.002669966856463
131,7,5.002669966856463
132,7,5.002669966856463
133,7,5.002669966856463
134,7,5.002669966856463
135,7,5.002669966856463
136,7,5.002669966856463
137,7,5.002669966856463
138,7,5.002669966856463
139,7,5.002669966856463
140,7,5.002669966856463
141,7,5.002669966856463
142,7,5.002669966856463
143,7,5.002669966856463
144,7,5.002669966856463
145,7,5.002669966856463
146,7,5.002669966856463
147,7,5.002584983428232
148,7,5.002584983428232
149,7,5.002584983428232
150,7,5.002584983428232
151,7,5.002584983428232
152,7,5.002584983428232
153,7,5.002584983428232
154,7,5.002584983428232
155,7,5.002584983428232
156,7,5.002584983428232
157,7,5.002584983428232
158,7,5.002584983428232
159,7,5.002584983428232
160,7,5.002584983428232
161,7,5.002584983428232
162,7,5.002584983428232
163,7,5.002584983428232
164,7,5.002584983428232
165,7,5.002584983428232
166,7,5.002584983428232
167,7,5.002584983428232
168,7,5.002584983428232
169,7,5.002584983428232
170,7,5.002584983428232
171,7,5.002584983428232
172,7,5.002584983428232
173,7,5.002584983428232
174,7,5.002584983428232
175,7,5.002584983428232
176,7,5.002584983428232
177,7,5.002584983428232
178,7,5.002584983428232
179,7,5.002584983428232
180,7,5.002584983428232
181,7,5.002584983428232
182,7,5.002584983428232
183,7,5.002584983428232
184,7,5.002584983428232
185,7,5.002584983428232
186,7,5.002584983428232
187,7,5.002584983428232
188,7,5.002584983428232
189,7,5.002584983428232
190,7,5.002584983428232
191,7,5.002584983428232
192,7,5.002584983428232
193,7,5.002584983428232
194,7,5.002584983428232
195,7,5.002584983428232
196,7,5.002584983428232
197,7,5.002584983428232
198,7,5.002584983428232
199,7,5.002584983428232
200,7,5.002584983428232
201,7,5.002584983428232
202,7,5.002584983428232
203,7,5.002584983428232
204,7,5.002584983428232
205,7,5.002584983428232
206,7,5.002584983428232
207,7,5.002584983428232
208,7,5.002584983428232
209,7,5.002584983428232
210,7,5.002584983428232
211,7,5.002584983428232
212,7,5.002584983428232
213,7,5.002584983428232
214,7,5.002584983428232
215,7,5.002584983428232
216,7,5.002584983428232
217,7,5.002584983428232
218,7,5.002584983428232
219,7,5.002584983428232
220,7,5.002584983428232
221,7,5.002584983428232
222,7,5.002584983428232
223,7,5.002584983428232
224,7,5.002584983428232
225,7,5.002584983428232
226,7,5.002584983428232
227,7,5.002584983428232
228,7,5.002584983428232
229,7,5.002584983428232
230,7,5.002584983428232
231,7,5.002584983428232
232,7,5.002584983428232
233,7,5.002584983428232
234,7,5.002584983428232
235,7,5.002584983428232
236,7,5.002584983428232
237,7,5.002584983428232
238,7,5.002584983428232
239,7,5.002499706517755
240,7,5.0024432465537645
241,7,5.0024432465537645
242,7,5.0024432465537645
243,7,5.002436115687704
244,7,5.0023226087952315
245,7,5.002223657117125
246,7,5.002223657117125
247,7,5.002223657117125
248,7,5.002004067680486
249,7,5.002004067680486
250,7,5.002004067680486
251,7,5.002004067680486
252,7,5.002004067680486
253,7,5.001444251048675
254,7,5.001395045998918
255,7,5.000785482738758
256,7,5.000093573910935
257,7,4.99946630927362
258,7,4.999333340110517
259,7,4.997980860173045
260,7,4.997937070481773
261,7,4.996989582498509
262,7,4.9946097076398805
263,7,4.989865732451874
264,7,4.986442560615018
265,7,4.985342744079349
266,7,4.982287358642658
267,7,4.980139788879287
268,7,4.97922866623899
269,7,4.977962691156764
270,7,4.9776026628228145
271,7,4.977544263901391
272,7,4.974542672441989
273,7,4.97321836847073
274,7,4.9723163156539245
275,7,4.972004611922993
276,7,4.971807419579446
277,7,4.97153007220166
278,7,4.971374073595071
279,7,4.97125012886956
280,7,4.971053565396758
281,7,4.970946853981847
282,7,4.970453224134399
283,7,4.969733097434111
284,7,4.969285985910306
285,7,4.969136621977087
286,7,4.968617358101959
287,7,4.968617358101959
288,7,4.96792906183289
289,7,4.9676173581019585
290,7,4.967469788338588
291,7,4.966552469294752
292,7,4.966458052528393
293,7,4.964624488968019
294,7,4.905492154003493
295,7,4.7383365361381955
0,8,5.02519057533781
1,8,5.023717288207732
2,8,5.01674995369979
3,8,5.016479773944082
4,8,5.0124430611030855
5,8,5.010573425681993
6,8,5.007344055409195
7,8,5.006225009110065
8,8,5.005049502846945
9,8,5.00419966856463
10,8,5.004114685136399
11,8,5.003987209994052
12,8,5.003944718279936
13,8,5.0033923259964315
14,8,5.0032223591399685
15,8,5.003094883997621
16,8,5.0030462659123565
17,8,5.002938298426541
18,8,5.002924623658912
19,8,5.002839933712926
20,8,5.00271245857058
21,8,5.00271245857058
22,8,5.00271245857058
23,8,5.00271245857058
24,8,5.00271245857058
25,8,5.002669966856463
26,8,5.002584983428232
27,8,5.002584983428232
28,8,5.002584983428232
29,8,5.002584983428232
30,8,5.002584983428232
31,8,5.002584983428232
32,8,5.002584983428232
33,8,5.002584983428232
34,8,5.002584983428232
35,8,5.002584983428232
36,8,5.002584983428232
37,8,5.002584983428232
38,8,5.002584983428232
39,8,5.002584983428232
40,8,5.002584983428232
41,8,5.002584983428232
42,8,5.002584983428232
43,8,5.002584983428232
44,8,5.002584983428232
45,8,5.002584983428232
46,8,5.002584983428232
47,8,5.002584983428232
48,8,5.002584983428232
49,8,5.002584983428232
50,8,5.002584983428232
51,8,5.002584983428232
52,8,5.002584983428232
53,8,5.002584983428232
54,8,5.002584983428232
55,8,5.002584983428232
56,8,5.002584983428232
57,8,5.002584983428232
58,8,5.002584983428232
59,8,5.002584983428232
60,8,5.002584983428232
61,8,5.002584983428232
62,8,5.002584983428232
63,8,5.002584983428232
64,8,5.002584983428232
65,8,5.002584983428232
66,8,5.002584983428232
67,8,5.002584983428232
68,8,5.002584983428232
69,8,5.002584983428232
70,8,5.002584983428232
71,8,5.002584983428232
72,8,5.002584983428232
73,8,5.002584983428232
74,8,5.002584983428232
75,8,5.002584983428232
76,8,5.002584983428232
77,8,5.002584983428232
78,8,5.002584983428232
79,8,5.002584983428232
80,8,5.002584983428232
81,8,5.002584983428232
82,8,5.002584983428232
83,8,5.002584983428232
84,8,5.002584983428232
85,8,5.002584983428232
86,8,5.002584983428232
87,8,5.002584983428232
88,8,5.002584983428232
89,8,5.002584983428232
90,8,5.002584983428232
91,8,5.002584983428232
92,8,5.002584983428232
93,8,5.002584983428232
94,8,5.002584983428232
95,8,5.002584983428232
96,8,5.002584983428232
97,8,5.002584983428232
98,8,5.002584983428232
99,8,5.002584983428232
100,8,5.002584983428232
101,8,5.002584983428232
102,8,5.002584983428232
103,8,5.002584983428232
104,8,5.002584983428232
105,8,5.002584983428232
106,8,5.002584983428232
107,8,5.002584983428232
108,8,5.002584983428232
109,8,5.002584983428232
110,8,5.002584983428232
111,8,5.002584983428232
112,8,5.002584983428232
113,8,5.002584983428232
114,8,5.002584983428232
115,8,5.002584983428232
116,8,5.002584983428232
117,8,5.002584983428232
118,8,5.002584983428232
119,8,5.002584983428232
120,8,5.002584983428232
121,8,5.002584983428232
122,8,5.002584983428232
123,8,5.002584983428232
124,8,5.002584983428232
125,8,5.002584983428232
126,8,5.002584983428232
127,8,5.002584983428232
128,8,5.002584983428232
129,8,5.002584983428232
130,8,5.002584983428232
131,8,5.002584983428232
132,8,5.002584983428232
133,8,5.002584983428232
134,8,5.002584983428232
135,8,5.002584983428232
136,8,5.002584983428232
137,8,5.002584983428232
138,8,5.002584983428232
139,8,5.002584983428232
140,8,5.002584983428232
141,8,5.002584983428232
142,8,5.002584983428232
143,8,5.002584983428232
144,8,5.002584983428232
145,8,5.002584983428232
146,8,5.002584983428232
147,8,5.002584983428232
148,8,5.002584983428232
149,8,5.002584983428232
150,8,5.002584983428232
151,8,5.002584983428232
152,8,5.002584983428232
153,8,5.002584983428232
154,8,5.002584983428232
155,8,5.002584983428232
156,8,5.002584983428232
157,8,5.002584983428232
158,8,5.002584983428232
159,8,5.002584983428232
160,8,5.002584983428232
161,8,5.002584983428232
162,8,5.002584983428232
163,8,5.002584983428232
164,8,5.002584983428232
165,8,5.002584983428232
166,8,5.002584983428232
167,8,5.002584983428232
168,8,5.002584983428232
169,8,5.002584983428232
170,8,5.002584983428232
171,8,5.002584983428232
172,8,5.002584983428232
173,8,5.002584983428232
174,8,5.002584983428232
175,8,5.002584983428232
176,8,5.002584983428232
177,8,5.002584983428232
178,8,5.002584983428232
179,8,5.002584983428232
180,8,5.002584983428232
181,8,5.002584983428232
182,8,5.002584983428232
183,8,5.002584983428232
184,8,5.002584983428232
185,8,5.002584983428232
186,8,5.002584983428232
187,8,5.002584983428232
188,8,5.002584983428232
189,8,5.002584983428232
190,8,5.002584983428232
191,8,5.002584983428232
192,8,5.002584983428232
193,8,5.002584983428232
194,8,5.002584983428232
195,8,5.002584983428232
196,8,5.002584983428232
197,8,5.002584983428232
198,8,5.002584983428232
199,8,5.002584983428232
200,8,5.002584983428232
201,8,5.002584983428232
202,8,5.002584983428232
203,8,5.002584983428232
204,8,5.002584983428232
205,8,5.002584983428232
206,8,5.002584983428232
207,8,5.002584983428232
208,8,5.002584983428232
209,8,5.002584983428232
210,8,5.002584983428232
211,8,5.002584983428232
212,8,5.002584983428232
213,8,5.002584983428232
214,8,5.002584983428232
215,8,5.002584983428232
216,8,5.002584983428232
217,8,5.002584983428232
218,8,5.002584983428232
219,8,5.002584983428232
220,8,5.002584983428232
221,8,5.002584983428232
222,8,5.002584983428232
223,8,5.002584983428232
224,8,5.002584983428232
225,8,5.002584983428232
226,8,5.002584983428232
227,8,5.002584983428232
228,8,5.002584983428232
229,8,5.002584983428232
230,8,5.002584983428232
231,8,5.002584983428232
232,8,5.002584983428232
233,8,5.002584983428232
234,8,5.002584983428232
235,8,5.002584983428232
236,8,5.002584983428232
237,8,5.002584983428232
238,8,5.002584983428232
239,8,5.002584983428232
240,8,5.002584983428232
241,8,5.002584983428232
242,8,5.002584983428232
243,8,5.002584983428232
244,8,5.002584983428232
245,8,5.002584983428232
246,8,5.002584983428232
247,8,5.002584983428232
248,8,5.002584983428232
249,8,5.002584983428232
250,8,5.002584983428232
251,8,5.002584983428232
252,8,5.002584983428232
253,8,5.002584983428232
254,8,5.002584983428232
255,8,5.002584983428232
256,8,5.002584983428232
257,8,5.002584983428232
258,8,5.002584983428232
259,8,5.002584983428232
260,8,5.002584983428232
261,8,5.002584983428232
262,8,5.002584983428232
263,8,5.002584983428232
264,8,5.002584983428232
265,8,5.002584983428232
266,8,5.002584983428232
267,8,5.002584983428232
268,8,5.002584983428232
269,8,5.002584983428232
270,8,5.002584983428232
271,8,5.002584983428232
272,8,5.002584983428232
273,8,5.002584983428232
274,8,5.002584983428232
275,8,5.002584983428232
276,8,5.002584983428232
277,8,5.002584983428232
278,8,5.002584983428232
279,8,5.002584983428232
280,8,5.002584983428232
281,8,5.002584983428232
282,8,5.002584983428232
283,8,5.002584983428232
284,8,5.002584983428232
285,8,5.002584983428232
286,8,5.002584983428232
287,8,5.002584983428232
288,8,5.002584983428232
289,8,5.002584983428232
290,8,5.002584983428232
291,8,5.002584983428232
292,8,5.002584983428232
293,8,5.002584983428232
294,8,5.002584983428232
295,8,5.002584983428232
296,8,5.002584983428232
297,8,5.002584983428232
298,8,5.002584983428232
299,8,5.002584983428232
300,8,5.002584983428232
301,8,5.002584983428232
302,8,5.002584983428232
303,8,5.002584983428232
304,8,5.002584983428232
305,8,5.002584983428232
306,8,5.002584983428232
307,8,5.002584983428232
308,8,5.002584983428232
309,8,5.002584983428232
310,8,5.002584983428232
311,8,5.002584983428232
312,8,5.002584983428232
313,8,5.002584983428232
314,8,5.002584983428232
315,8,5.002584983428232
316,8,5.002584983428232
317,8,5.002584983428232
318,8,5.002584983428232
319,8,5.002584983428232
320,8,5.002584983428232
321,8,5.002584983428232
322,8,5.002584983428232
323,8,5.002584983428232
324,8,5.002584983428232
325,8,5.002584983428232
326,8,5.002584983428232
327,8,5.002584983428232
328,8,5.002584983428232
329,8,5.002584983428232
330,8,5.002584983428232
331,8,5.002584983428232
332,8,5.002265855348995
333,8,5.002216526251065
334,8,5.002138380206648
335,8,5.001070626609368
336,8,4.998845497766072
337,8,4.99688676153542
338,8,4.996047046957409
339,8,4.994338656067316
340,8,4.993179420526138
341,8,4.992447582662142
342,8,4.992172289660078
343,8,4.985982298214981
344,8,4.980293811772426
345,8,4.978921157505658
346,8,4.963200725016434
347,8,4.955849444667326
348,8,4.952676802181387
349,8,4.950393985429332
350,8,4.94951353307139
351,8,4.916112672028795
352,8,4.914951704963436
353,8,4.681837095989444
354,8,4.675498823768309
0,9,5.06003329578356
1,9,5.018536560666688
2,9,5.014440002232453
3,9,5.014133205557786
4,9,5.011380768250191
5,9,5.011322840874971
6,9,5.011125817965497
7,9,5.010955851109034
8,9,5.010573425681993
9,9,5.010525101078974
10,9,5.010383488252678
11,9,5.010275983683182
12,9,5.010275983683182
13,9,5.010227489646089
14,9,5.010063525112604
15,9,5.009978541684372
16,9,5.009978541684372
17,9,5.009971410818312
18,9,5.009936049970256
19,9,5.009723591399678
20,9,5.009674679832167
21,9,5.009468641114983
22,9,5.009468641114983
23,9,5.009342170467547
24,9,5.009128707402057
25,9,5.00900123225971
26,9,5.007088224677763
27,9,5.0069892729996575
28,9,5.006281762556302
29,9,5.006239270842186
30,9,5.006196779128071
31,9,5.006154287413954
32,9,5.006154287413954
33,9,5.006111795699839
34,9,5.006111795699839
35,9,5.006111795699839
36,9,5.005984320557491
37,9,5.0059629279593105
38,9,5.005856845415145
39,9,5.0058143537010285
40,9,5.005729370272797
41,9,5.0056443868445655
42,9,5.005615987428498
43,9,5.005516911702219
44,9,5.0054883882379775
45,9,5.0054744199881025
46,9,5.0053184213815145
47,9,5.005304159649394
48,9,5.005268798801338
49,9,5.004837044276367
50,9,5.0048299134103065
51,9,5.004682467695108
52,9,5.004603904120272
53,9,5.004550929187216
54,9,5.004539602277556
55,9,5.004242160278746
56,9,5.00419966856463
57,9,5.004157176850515
58,9,5.004114685136399
59,9,5.004065773568888
60,9,5.004029701708167
61,9,5.004029701708167
62,9,5.003987209994052
63,9,5.003951262181504
64,9,5.003859734851704
65,9,5.0038448861550915
66,9,5.003817243137589
67,9,5.003817243137589
68,9,5.003817243137589
69,9,5.003802811971395
70,9,5.003774751423473
71,9,5.003774751423473
72,9,5.003774751423473
73,9,5.003732259709357
74,9,5.003732259709357
75,9,5.003732259709357
76,9,5.003732259709357
77,9,5.003732259709357
78,9,5.003732259709357
79,9,5.003732259709357
80,9,5.003732259709357
81,9,5.003732259709357
82,9,5.003732259709357
83,9,5.003732259709357
84,9,5.003732259709357
85,9,5.003689767995241
86,9,5.003689767995241
87,9,5.003689767995241
88,9,5.003689767995241
89,9,5.003647276281126
90,9,5.003647276281126
91,9,5.003477309424663
92,9,5.0033923259964315
93,9,5.0033073425682
94,9,5.003264850854084
95,9,5.0032223591399685
96,9,5.0032223591399685
97,9,5.0032223591399685
98,9,5.0032223591399685
99,9,5.0032223591399685
100,9,5.0032223591399685
101,9,5.0032223591399685
102,9,5.0032223591399685
103,9,5.0032223591399685
104,9,5.0032223591399685
105,9,5.0032223591399685
106,9,5.003179867425852
107,9,5.003179867425852
108,9,5.003179867425852
109,9,5.003179867425852
110,9,5.003179867425852
111,9,5.003179867425852
112,9,5.003179867425852
113,9,5.003150756997119
114,9,5.003137375711737
115,9,5.003137375711737
116,9,5.003137375711737
117,9,5.003137375711737
118,9,5.003137375711737
119,9,5.003137375711737
120,9,5.003137375711737
121,9,5.003137375711737
122,9,5.003137375711737
123,9,5.003137375711737
124,9,5.003137375711737
125,9,5.003094883997621
126,9,5.003094883997621
127,9,5.003094883997621
128,9,5.003094883997621
129,9,5.003094883997621
130,9,5.003094883997621
131,9,5.003094883997621
132,9,5.003094883997621
133,9,5.003094883997621
134,9,5.003094883997621
135,9,5.003094883997621
136,9,5.003094883997621
137,9,5.003094883997621
138,9,5.0030523922835055
139,9,5.0030523922835055
140,9,5.0030523922835055
141,9,5.0030523922835055
142,9,5.003009900569389
143,9,5.003009900569389
144,9,5.003009900569389
145,9,5.003009900569389
146,9,5.003009900569389
147,9,5.003009900569389
148,9,5.002979909693918
149,9,5.002967408855274
150,9,5.002967408855274
151,9,5.002967408855274
152,9,5.002967408855274
153,9,5.002924917141158
154,9,5.002924917141158
155,9,5.002924917141158
156,9,5.0028824254270425
157,9,5.0028824254270425
158,9,5.0028824254270425
159,9,5.0028824254270425
160,9,5.0028824254270425
161,9,5.0028824254270425
162,9,5.0028824254270425
163,9,5.0028824254270425
164,9,5.0028824254270425
165,9,5.0028824254270425
166,9,5.0028824254270425
167,9,5.0028824254270425
168,9,5.0028824254270425
169,9,5.0028824254270425
170,9,5.0028824254270425
171,9,5.0028824254270425
172,9,5.0028824254270425
173,9,5.0028824254270425
174,9,5.0028824254270425
175,9,5.0028824254270425
176,9,5.0028824254270425
177,9,5.0028824254270425
178,9,5.0028824254270425
179,9,5.0028824254270425
180,9,5.0028824254270425
181,9,5.0028824254270425
182,9,5.0028824254270425
183,9,5.0028824254270425
184,9,5.0028824254270425
185,9,5.0028824254270425
186,9,5.0028824254270425
187,9,5.0028824254270425
188,9,5.0028824254270425
189,9,5.0028824254270425
190,9,5.0028824254270425
191,9,5.0028824254270425
192,9,5.0028824254270425
193,9,5.0028824254270425
194,9,5.0028824254270425
195,9,5.0028824254270425
196,9,5.0028824254270425
197,9,5.0028824254270425
198,9,5.0028824254270425
199,9,5.0028824254270425
200,9,5.0028824254270425
201,9,5.0028824254270425
202,9,5.0028824254270425
203,9,5.0028824254270425
204,9,5.0028824254270425
205,9,5.0028824254270425
206,9,5.0028824254270425
207,9,5.0028824254270425
208,9,5.0028824254270425
209,9,5.0028824254270425
210,9,5.0028824254270425
211,9,5.0028824254270425
212,9,5.0028824254270425
213,9,5.0028824254270425
214,9,5.0028824254270425
215,9,5.0028824254270425
216,9,5.0028824254270425
217,9,5.002875294560982
218,9,5.002839933712926
219,9,5.002839933712926
220,9,5.002839933712926
221,9,5.002839933712926
222,9,5.002839933712926
223,9,5.002839933712926
224,9,5.002839933712926
225,9,5.002839933712926
226,9,5.002839933712926
227,9,5.002839933712926
228,9,5.002839933712926
229,9,5.002839933712926
230,9,5.002839933712926
231,9,5.002839933712926
232,9,5.002839933712926
233,9,5.002839933712926
234,9,5.002839933712926
235,9,5.002839933712926
236,9,5.002839933712926
237,9,5.002839933712926
238,9,5.002797441998811
239,9,5.002797441998811
240,9,5.002797441998811
241,9,5.002797441998811
242,9,5.002797441998811
243,9,5.002754950284695
244,9,5.002754950284695
245,9,5.002754950284695
246,9,5.002754950284695
247,9,5.002754950284695
248,9,5.002754950284695
249,9,5.002754950284695
250,9,5.002754950284695
251,9,5.002754950284695
252,9,5.002754950284695
253,9,5.002754950284695
254,9,5.002754950284695
255,9,5.002754950284695
256,9,5.002754950284695
257,9,5.002754950284695
258,9,5.002754950284695
259,9,5.002754950284695
260,9,5.002754950284695
261,9,5.002754950284695
262,9,5.002754950284695
263,9,5.002754950284695
264,9,5.002754950284695
265,9,5.002754950284695
266,9,5.002754950284695
267,9,5.002754950284695
268,9,5.002754950284695
269,9,5.002754950284695
270,9,5.002754950284695
271,9,5.002754950284695
272,9,5.002754950284695
273,9,5.002754950284695
274,9,5.002754950284695
275,9,5.002754950284695
276,9,5.002754950284695
277,9,5.002754950284695
278,9,5.002754950284695
279,9,5.002754950284695
280,9,5.002754950284695
281,9,5.002754950284695
282,9,5.002754950284695
283,9,5.002754950284695
284,9,5.002754950284695
285,9,5.002754950284695
286,9,5.002754950284695
287,9,5.002754950284695
288,9,5.002754950284695
289,9,5.002754950284695
290,9,5.002754950284695
291,9,5.002754950284695
292,9,5.002754950284695
293,9,5.002754950284695
294,9,5.002754950284695
295,9,5.002754950284695
296,9,5.002754950284695
297,9,5.002754950284695
298,9,5.002754950284695
299,9,5.002754950284695
300,9,5.002754950284695
301,9,5.002754950284695
302,9,5.00271245857058
303,9,5.00271245857058
304,9,5.00271245857058
305,9,5.00271245857058
306,9,5.00271245857058
307,9,5.00271245857058
308,9,5.00271245857058
309,9,5.00271245857058
310,9,5.00271245857058
311,9,5.00271245857058
312,9,5.00271245857058
313,9,5.00271245857058
314,9,5.00271245857058
315,9,5.00271245857058
316,9,5.00271245857058
317,9,5.00271245857058
318,9,5.00271245857058
319,9,5.00271245857058
320,9,5.00271245857058
321,9,5.00271245857058
322,9,5.00271245857058
323,9,5.00271245857058
324,9,5.00271245857058
325,9,5.00271245857058
326,9,5.00271245857058
327,9,5.00271245857058
328,9,5.00271245857058
329,9,5.00271245857058
330,9,5.00271245857058
331,9,5.00271245857058
332,9,5.00271245857058
333,9,5.00271245857058
334,9,5.00271245857058
335,9,5.00271245857058
336,9,5.00271245857058
337,9,5.00271245857058
338,9,5.00271245857058
339,9,5.00271245857058
340,9,5.00271245857058
341,9,5.002710697677103
342,9,5.002669966856463
343,9,5.002669966856463
344,9,5.002669966856463
345,9,5.002669966856463
346,9,5.002669966856463
347,9,5.002669966856463
348,9,5.002669966856463
349,9,5.002669966856463
350,9,5.002669966856463
351,9,5.002669966856463
352,9,5.002669966856463
353,9,5.002669966856463
354,9,5.002669966856463
355,9,5.002669966856463
356,9,5.002669966856463
357,9,5.002669966856463
358,9,5.002669966856463
359,9,5.002669966856463
360,9,5.002669966856463
361,9,5.002669966856463
362,9,5.002669966856463
363,9,5.002669966856463
364,9,5.002669966856463
365,9,5.002669966856463
366,9,5.002669966856463
367,9,5.002669966856463
368,9,5.002669966856463
369,9,5.002669966856463
370,9,5.002669966856463
371,9,5.002669966856463
372,9,5.002669966856463
373,9,5.002669966856463
374,9,5.002669966856463
375,9,5.002669966856463
376,9,5.002669966856463
377,9,5.002669966856463
378,9,5.002669966856463
379,9,5.002669966856463
380,9,5.002669966856463
381,9,5.002669966856463
382,9,5.002669966856463
383,9,5.002669966856463
384,9,5.002669966856463
385,9,5.002669966856463
386,9,5.002669966856463
387,9,5.002669966856463
388,9,5.002669966856463
389,9,5.002669966856463
390,9,5.002669966856463
391,9,5.002669966856463
392,9,5.002669966856463
393,9,5.002669966856463
394,9,5.002669966856463
395,9,5.002584983428232
396,9,5.002584983428232
397,9,5.002584983428232
398,9,5.002584983428232
399,9,5.002584983428232
400,9,5.002216526251065
401,9,5.002075624437434
402,9,5.001191603236048
403,9,5.001121216928438
404,9,4.99997201379941
405,9,4.999817143735904
406,9,4.999244656831375
407,9,4.99897201379941
408,9,4.998706063363672
409,9,4.998418741069167
410,9,4.997765706246469
411,9,4.9970953715604285
412,9,4.99648311294427
413,9,4.995656610217569
414,9,4.994551532168314
415,9,4.994401659932874
416,9,4.985918153696809
417,9,4.972084775587116
418,9,4.946028033434677
419,9,4.944017372151782
420,9,4.939247051923431
421,9,4.896290273330731
422,9,4.886788359855084
423,9,4.861499427598249
424,9,4.791981771396288
425,9,4.7412702953380474
0,10,5.0864820614124335
1,10,5.057864710289332
2,10,5.034411277300927
3,10,5.031564874033762
4,10,5.018960201582991
5,10,5.015672431375882
6,10,5.014064290141052
7,10,5.013640625591151
8,10,5.012188110818391
9,10,5.00759900569389
10,10,5.00730156369508
11,10,5.007259071980964
12,10,5.007259071980964
13,10,5.0072165802668485
14,10,5.007117335106496
15,10,5.007089105124501
16,10,5.0070466134103855
17,10,5.007004121696269
18,10,5.007004121696269
19,10,5.0069120074019775
20,10,5.0068766465539225
21,10,5.006834154839806
22,10,5.006834154839806
23,10,5.006812762241625
24,10,5.006791663125691
25,10,5.006791663125691
26,10,5.006749171411575
27,10,5.006749171411575
28,10,5.0067066796974595
29,10,5.006664187983343
30,10,5.006580209050023
31,10,5.006579204555112
32,10,5.00649422112688
33,10,5.006451729412765
34,10,5.006281762556302
35,10,5.006239270842186
36,10,5.006196779128071
37,10,5.006075091488726
38,10,5.005934404495069
39,10,5.005884781914894
40,10,5.005686878558682
41,10,5.005219469703408
42,10,5.005219469703408
43,10,5.005219469703408
44,10,5.005219469703408
45,10,5.005219469703408
46,10,5.005176977989293
47,10,5.005176977989293
48,10,5.005176977989293
49,10,5.005176977989293
50,10,5.005155291908865
51,10,5.0051344862751765
52,10,5.0051344862751765
53,10,5.0051344862751765
54,10,5.0051344862751765
55,10,5.0051344862751765
56,10,5.0051344862751765
57,10,5.0051344862751765
58,10,5.005091994561061
59,10,5.005091994561061
60,10,5.005091994561061
61,10,5.005091994561061
62,10,5.005091994561061
63,10,5.005091994561061
64,10,5.005091994561061
65,10,5.005091994561061
66,10,5.005049502846945
67,10,5.005049502846945
68,10,5.005049502846945
69,10,5.005049502846945
70,10,5.00500701113283
71,10,5.00500701113283
72,10,5.0049998802667695
73,10,5.004964519418714
74,10,5.004964519418714
75,10,5.004922027704598
76,10,5.004922027704598
77,10,5.004879535990482
78,10,5.004879535990482
79,10,5.004794552562251
80,10,5.004752060848135
81,10,5.004744929982075
82,10,5.004709569134019
83,10,5.004709569134019
84,10,5.004696018414564
85,10,5.004667077419904
86,10,5.004667077419904
87,10,5.004567832259552
88,10,5.00447571796526
89,10,5.004327143706978
90,10,5.004242160278746
91,10,5.004242160278746
92,10,5.00419966856463
93,10,5.004157176850515
94,10,5.004157176850515
95,10,5.004157176850515
96,10,5.004157176850515
97,10,5.004157176850515
98,10,5.004072193422283
99,10,5.004072193422283
100,10,5.004072193422283
101,10,5.003987209994052
102,10,5.003987209994052
103,10,5.003944718279936
104,10,5.003859734851704
105,10,5.003817243137589
106,10,5.003817243137589
107,10,5.003774751423473
108,10,5.003732259709357
109,10,5.003647276281126
110,10,5.003647276281126
111,10,5.00360478456701
112,10,5.0035622928528944
113,10,5.0035622928528944
114,10,5.003519801138778
115,10,5.003455916826482
116,10,5.003434817710547
117,10,5.0033923259964315
118,10,5.003349834282315
119,10,5.003321310818074
120,10,5.003179867425852
121,10,5.003179867425852
122,10,5.003179867425852
123,10,5.003179867425852
124,10,5.003179867425852
125,10,5.003179867425852
126,10,5.003179867425852
127,10,5.003179867425852
128,10,5.003179867425852
129,10,5.003179867425852
130,10,5.003179867425852
131,10,5.003179867425852
132,10,5.003137375711737
133,10,5.003137375711737
134,10,5.003137375711737
135,10,5.003137375711737
136,10,5.003137375711737
137,10,5.003137375711737
138,10,5.003137375711737
139,10,5.003137375711737
140,10,5.003137375711737
141,10,5.003137375711737
142,10,5.003137375711737
143,10,5.003094883997621
144,10,5.003094883997621
145,10,5.003094883997621
146,10,5.003094883997621
147,10,5.003094883997621
148,10,5.003094883997621
149,10,5.003094883997621
150,10,5.003094883997621
151,10,5.003094883997621
152,10,5.003094883997621
153,10,5.003094883997621
154,10,5.003094883997621
155,10,5.003094883997621
156,10,5.003094883997621
157,10,5.003081920242658
158,10,5.003080328783255
159,10,5.0030523922835055
160,10,5.0030523922835055
161,10,5.0030523922835055
162,10,5.0030523922835055
163,10,5.0030523922835055
164,10,5.003009900569389
165,10,5.003009900569389
166,10,5.003009900569389
167,10,5.002967408855274
168,10,5.002967408855274
169,10,5.002967408855274
170,10,5.002967408855274
171,10,5.002967408855274
172,10,5.002967408855274
173,10,5.002967408855274
174,10,5.002967408855274
175,10,5.002967408855274
176,10,5.002967408855274
177,10,5.002960277989214
178,10,5.002960277989214
179,10,5.002924917141158
180,10,5.002924917141158
181,10,5.002924623658912
182,10,5.002919208300427
183,10,5.0028824254270425
184,10,5.0028824254270425
185,10,5.002875294560982
186,10,5.002875294560982
187,10,5.002839933712926
188,10,5.002839933712926
189,10,5.002839933712926
190,10,5.002839933712926
191,10,5.002839933712926
192,10,5.002839933712926
193,10,5.002839933712926
194,10,5.002839933712926
195,10,5.002839933712926
196,10,5.002839933712926
197,10,5.002839933712926
198,10,5.002839933712926
199,10,5.002839933712926
200,10,5.002839933712926
201,10,5.002839933712926
202,10,5.002839933712926
203,10,5.002839933712926
204,10,5.002839933712926
205,10,5.002839933712926
206,10,5.002839933712926
207,10,5.002839933712926
208,10,5.002839933712926
209,10,5.002839933712926
210,10,5.002839933712926
211,10,5.002839933712926
212,10,5.002839933712926
213,10,5.002839933712926
214,10,5.002839933712926
215,10,5.002839933712926
216,10,5.002839933712926
217,10,5.002839933712926
218,10,5.002839933712926
219,10,5.002839933712926
220,10,5.002839933712926
221,10,5.002839933712926
222,10,5.002839933712926
223,10,5.002839933712926
224,10,5.002839933712926
225,10,5.002839933712926
226,10,5.002839933712926
227,10,5.002839933712926
228,10,5.002839933712926
229,10,5.002839933712926
230,10,5.002839933712926
231,10,5.002839933712926
232,10,5.002839933712926
233,10,5.002839933712926
234,10,5.002839933712926
235,10,5.002839933712926
236,10,5.002839933712926
237,10,5.002839933712926
238,10,5.002839933712926
239,10,5.002839933712926
240,10,5.002839933712926
241,10,5.002839933712926
242,10,5.002839933712926
243,10,5.002839933712926
244,10,5.002839933712926
245,10,5.002839933712926
246,10,5.002839933712926
247,10,5.002839933712926
248,10,5.002839933712926
249,10,5.002839933712926
250,10,5.002839933712926
251,10,5.002839933712926
252,10,5.002839933712926
253,10,5.002839933712926
254,10,5.002839933712926
255,10,5.002839933712926
256,10,5.002839933712926
257,10,5.002839933712926
258,10,5.002839933712926
259,10,5.002797441998811
260,10,5.002797441998811
261,10,5.002797441998811
262,10,5.002797441998811
263,10,5.002797441998811
264,10,5.002797441998811
265,10,5.002797441998811
266,10,5.002797441998811
267,10,5.002797441998811
268,10,5.002797441998811
269,10,5.002797441998811
270,10,5.002797441998811
271,10,5.002797441998811
272,10,5.002797441998811
273,10,5.002797441998811
274,10,5.002797441998811
275,10,5.002797441998811
276,10,5.002797441998811
277,10,5.002797441998811
278,10,5.002797441998811
279,10,5.002797441998811
280,10,5.002797441998811
281,10,5.002797441998811
282,10,5.002797441998811
283,10,5.002797441998811
284,10,5.002797441998811
285,10,5.002797441998811
286,10,5.002797441998811
287,10,5.002797441998811
288,10,5.002797441998811
289,10,5.002797441998811
290,10,5.002797441998811
291,10,5.002797441998811
292,10,5.002797441998811
293,10,5.002797441998811
294,10,5.002797441998811
295,10,5.002797441998811
296,10,5.002797441998811
297,10,5.002797441998811
298,10,5.002797441998811
299,10,5.002797441998811
300,10,5.002797441998811
301,10,5.002797441998811
302,10,5.002797441998811
303,10,5.002797441998811
304,10,5.002797441998811
305,10,5.002797441998811
306,10,5.002797441998811
307,10,5.002797441998811
308,10,5.002797441998811
309,10,5.002797441998811
310,10,5.002797441998811
311,10,5.002797441998811
312,10,5.002797441998811
313,10,5.002797441998811
314,10,5.002797441998811
315,10,5.002797441998811
316,10,5.002797441998811
317,10,5.002797441998811
318,10,5.002797441998811
319,10,5.002797441998811
320,10,5.002797441998811
321,10,5.002797441998811
322,10,5.002797441998811
323,10,5.002797441998811
324,10,5.002797441998811
325,10,5.002757500853107
326,10,5.002740688552574
327,10,5.002726133338208
328,10,5.0027197134848125
329,10,5.00271245857058
330,10,5.00271245857058
331,10,5.00271245857058
332,10,5.00271245857058
333,10,5.00271245857058
334,10,5.00271245857058
335,10,5.00271245857058
336,10,5.00271245857058
337,10,5.00271245857058
338,10,5.00271245857058
339,10,5.00271245857058
340,10,5.00271245857058
341,10,5.00271245857058
342,10,5.00271245857058
343,10,5.00271245857058
344,10,5.00271245857058
345,10,5.00271245857058
346,10,5.00271245857058
347,10,5.00271245857058
348,10,5.00271245857058
349,10,5.00271245857058
350,10,5.00271245857058
351,10,5.00271245857058
352,10,5.00271245857058
353,10,5.00271245857058
354,10,5.00271245857058
355,10,5.00271245857058
356,10,5.00271245857058
357,10,5.00271245857058
358,10,5.00271245857058
359,10,5.00271245857058
360,10,5.00271245857058
361,10,5.00271245857058
362,10,5.00271245857058
363,10,5.00271245857058
364,10,5.00271245857058
365,10,5.00271245857058
366,10,5.00271245857058
367,10,5.00271245857058
368,10,5.00271245857058
369,10,5.00271245857058
370,10,5.00271245857058
371,10,5.00271245857058
372,10,5.00271245857058
373,10,5.00271245857058
374,10,5.00271245857058
375,10,5.00271245857058
376,10,5.00271245857058
377,10,5.00271245857058
378,10,5.00271245857058
379,10,5.00271245857058
380,10,5.00271245857058
381,10,5.00271245857058
382,10,5.00271245857058
383,10,5.00271245857058
384,10,5.00271245857058
385,10,5.00271245857058
386,10,5.00271245857058
387,10,5.00271245857058
388,10,5.00271245857058
389,10,5.00271245857058
390,10,5.00271245857058
391,10,5.00271245857058
392,10,5.00271245857058
393,10,5.00271245857058
394,10,5.00271245857058
395,10,5.00271245857058
396,10,5.00271245857058
397,10,5.00271245857058
398,10,5.00271245857058
399,10,5.00271245857058
400,10,5.00271245857058
401,10,5.00271245857058
402,10,5.00271245857058
403,10,5.00271245857058
404,10,5.00271245857058
405,10,5.00271245857058
406,10,5.00271245857058
407,10,5.00271245857058
408,10,5.00271245857058
409,10,5.00271245857058
410,10,5.00271245857058
411,10,5.00271245857058
412,10,5.00271245857058
413,10,5.00271245857058
414,10,5.00271245857058
415,10,5.00271245857058
416,10,5.00271245857058
417,10,5.00271245857058
418,10,5.00271245857058
419,10,5.00271245857058
420,10,5.002705034222273
421,10,5.002698196838459
422,10,5.002669966856463
423,10,5.002669966856463
424,10,5.002669966856463
425,10,5.002584983428232
426,10,5.002584983428232
427,10,5.002584983428232
428,10,5.002584983428232
429,10,5.002584983428232
430,10,5.002584983428232
431,10,5.002584983428232
432,10,5.002584983428232
433,10,5.002584983428232
434,10,5.002584983428232
435,10,5.002584983428232
436,10,5.002584983428232
437,10,5.002584983428232
438,10,5.002584983428232
439,10,5.0025419047496245
440,10,5.002521099115936
441,10,5.002484304133021
442,10,5.002442953071518
443,10,5.002436115687704
444,10,5.002428691339397
445,10,5.002400754839648
446,10,5.002400754839648
447,10,5.002400754839648
448,10,5.002400754839648
449,10,5.002400754839648
450,10,5.002400754839648
451,10,5.002400754839648
452,10,5.002400754839648
453,10,5.002400754839648
454,10,5.002400754839648
455,10,5.002400754839648
456,10,5.002400754839648
457,10,5.002233507985673
458,10,5.0021679081658
459,10,5.00215176149203
460,10,5.002046265912356
461,10,5.002039428528541
462,10,5.001969417845096
463,10,5.001798864024141
464,10,5.001415727584434
465,10,5.001104023853503
466,10,5.001096892987443
467,10,5.000914673388681
468,10,5.000728729292522
469,10,5.000170210637868
470,10,5.000114755168788
471,10,4.999870883697408
472,10,4.999468363649343
473,10,4.999191603236048
474,10,4.999114168204296
475,10,4.998944201347833
476,10,4.998490760742434
477,10,4.998455399894379
478,10,4.998452341023746
479,10,4.997186187877563
480,10,4.996953634685961
481,10,4.995819615642046
482,10,4.995819028677553
483,10,4.995382739240835
484,10,4.99368701862346
485,10,4.993538398979277
486,10,4.992226277717927
487,10,4.9912492077597275
488,10,4.990907976069645
489,10,4.9908654843555285
490,10,4.989728823971399
491,10,4.989547030532939
492,10,4.989383813768136
493,10,4.988389646657039
494,10,4.988029618323089
495,10,4.987518419776543
496,10,4.9864983251555195
497,10,4.984188494256708
498,10,4.984000995457163
499,10,4.983895623925662
500,10,4.968805808393521
501,10,4.9404461832244095
502,10,4.936456092015817
503,10,4.935879181710755
504,10,4.927184332910235
505,10,4.919507697696166
506,10,4.895131173539391
507,10,4.829222885096274
508,10,4.794042643874878
509,10,4.753305669538793
510,10,4.681573475744043
